date,portfolio_return
2017-12-12,-1.319425215565717e-4
2017-12-13,0.005059759990847734
2017-12-14,-0.0036992066279452063
2017-12-15,-0.0022696556973115234
2017-12-18,0.008001327762635402
2017-12-19,-0.0035810581087994953
2017-12-20,-0.0023904255462335877
2017-12-21,0.008093590013172447
2017-12-22,0.004031734197180503
2017-12-26,1.0558841280627895e-4
2017-12-27,0.006586308765311966
2017-12-28,0.006640611442918498
2017-12-29,0.0010352304219469755
2018-01-02,0.004209991528111523
2018-01-03,0.009914617965796957
2018-01-04,0.008500708447792826
2018-01-05,0.005666137297443363
2018-01-08,-6.99098837851686e-4
2018-01-09,-0.004816143798016426
2018-01-10,-0.003952917656261934
2018-01-11,0.005581370428031196
2018-01-12,0.006903370761088379
2018-01-15,0
2018-01-16,0.002953984918815822
2018-01-17,0.005305739081155281
2018-01-18,-0.0015967394438686222
2018-01-19,0.0022271155108413154
2018-01-22,0.0012497210078892262
2018-01-23,0.00295104380791944
2018-01-24,0.008273559967994393
2018-01-25,-0.004044756834088892
2018-01-26,0.009636063570183984
2018-01-29,-0.007836361051118068
2018-01-30,-0.007806383724828558
2018-01-31,8.570296355769891e-5
2018-02-01,8.670044026435342e-4
2018-02-02,-0.017532329980457728
2018-02-05,-0.03286420372372734
2018-02-06,0.015903066727344317
2018-02-07,-0.026135142156359814
2018-02-08,-0.0286617963851149
2018-02-09,0.0074800555607330566
2018-02-12,0.0159840868109149
2018-02-13,-2.027104603873342e-4
2018-02-14,0.018420054974855438
2018-02-15,0.008619767661381061
2018-02-16,-7.003178363722551e-4
2018-02-20,-0.011250171167261791
2018-02-21,-9.923914710191495e-4
2018-02-22,0.011200279645801725
2018-02-23,0.008328962629300829
2018-02-26,0.0065187177199999
2018-02-27,-0.013803859505050697
2018-02-28,-0.014674693503965663
2018-03-01,-0.003677640948163363
2018-03-02,0.003010848448531611
2018-03-05,0.002465024276664174
2018-03-06,0.005070669406670891
2018-03-07,0.0023493542925372424
2018-03-08,0.003367705214586403
2018-03-09,0.008081856536571008
2018-03-12,-4.350091305267423e-4
2018-03-13,-0.013022164297163297
2018-03-14,-0.0033053303581508375
2018-03-15,-0.00908491444257764
2018-03-16,-0.0010047591025399427
2018-03-19,-0.007888595118362818
2018-03-20,-6.785737372101419e-4
2018-03-21,0.011062122197211588
2018-03-22,-0.024324370255644268
2018-03-23,-0.010201656116042068
2018-03-26,0.023299102610990774
2018-03-27,-0.011396373414439775
2018-03-28,0.0023438329084617404
2018-03-29,0.015711428056044197
2018-04-02,-0.018461293252656552
2018-04-03,0.009970302453554902
2018-04-04,0.005066523170012438
2018-04-05,0.006687114507981651
2018-04-06,-0.010933140864344382
2018-04-09,0.001912515618203603
2018-04-10,0.010314355752210957
2018-04-11,-0.002961212047227435
2018-04-12,0.00580143149750012
2018-04-13,7.152697088701476e-4
2018-04-16,0.001338707340422296
2018-04-17,0.006621419946808871
2018-04-18,0.005295985093841216
2018-04-19,-0.003290958236358499
2018-04-20,-0.00673752329333599
2018-04-23,-0.004766346605997174
2018-04-24,-0.0033995470686607465
2018-04-25,-0.019468000224384108
2018-04-26,0.005775492150029926
2018-04-27,0.003845803722883012
2018-04-30,-0.00423310528783416
2018-05-01,-0.006532521220015575
2018-05-02,-0.009105260436609641
2018-05-03,9.404796292893369e-4
2018-05-04,0.0023644930442687784
2018-05-07,0.00174623446179889
2018-05-08,-3.985913094906035e-4
2018-05-09,0.002443378782514216
2018-05-10,0.008414641882333873
2018-05-11,0.003059453936283818
2018-05-14,0.005020948195218589
2018-05-15,-0.010000763525720324
2018-05-16,0.004897439475006982
2018-05-17,-0.03150795666278061
2018-05-18,-0.0030781888659752177
2018-05-21,0.008814000990629678
2018-05-22,-0.0021872101707091085
2018-05-23,-0.01164367547335643
2018-05-24,-0.007404200684042572
2018-05-25,7.6889122642676e-4
2018-05-28,0
2018-05-29,-0.011816227455755834
2018-05-30,0.0192352201976711
2018-05-31,-0.006284733908091922
2018-06-01,0.005003402258679346
2018-06-04,-0.004653705584097723
2018-06-05,-0.012978390426693798
2018-06-06,0.005754814204525838
2018-06-07,-0.003219281357775272
2018-06-08,0.004613867600467225
2018-06-11,0.0031592503883302037
2018-06-12,-0.0049625143037671515
2018-06-13,-0.00280770495814342
2018-06-14,-0.00586840423099777
2018-06-15,-0.008573065495143029
2018-06-18,-0.011452310425212331
2018-06-19,0.0015117361628462778
2018-06-20,0.007053244407353443
2018-06-21,-0.005427798421920316
2018-06-22,0.009744091350296191
2018-06-25,-0.013580823596786917
2018-06-26,0.0011518745761613935
2018-06-27,-0.008916955229397394
2018-06-28,0.01146303194620435
2018-06-29,4.95796952708627e-4
2018-07-02,-0.005830302790330921
2018-07-03,0.006236008974481733
2018-07-04,0
2018-07-05,0.023430804806666483
2018-07-06,0.007906398230717038
2018-07-09,0.012639474125571537
2018-07-10,0.0019361440502392302
2018-07-11,-0.0031732626826751487
2018-07-12,0.008181409757442859
2018-07-13,0.004202958603240603
2018-07-16,-3.865113231219519e-4
2018-07-17,0.005467388340451906
2018-07-18,-0.002131728204398442
2018-07-19,-0.01136201900726963
2018-07-20,0.005551592451191079
2018-07-23,7.648473708743442e-4
2018-07-24,0.004100833631918377
2018-07-25,0.009536230646032484
2018-07-26,-0.0026452486173136336
2018-07-27,-4.984269750045733e-4
2018-07-30,-0.0022643045641175252
2018-07-31,0.0054282807957199974
2018-08-01,-0.003963794967165479
2018-08-02,-0.0014117598960718958
2018-08-03,0.005751527173886384
2018-08-06,-0.024987963617159492
2018-08-07,-0.005544073289919238
2018-08-08,-5.980263482343595e-4
2018-08-09,-0.006043254868048797
2018-08-10,-0.021997243078601625
2018-08-13,-0.01859431424194047
2018-08-14,0.007418670959142393
2018-08-15,-0.016953556501352884
2018-08-16,0.011240408888268938
2018-08-17,0.0077822050370142115
2018-08-20,0.003633410114260327
2018-08-21,-0.0041839423794149955
2018-08-22,0.0014101111327700089
2018-08-23,-0.003687627141965577
2018-08-24,0.015323946080278317
2018-08-27,0.008998837716945207
2018-08-28,-8.691909936544562e-4
2018-08-29,0.006051182341884731
2018-08-30,-0.00513924282034528
2018-08-31,-0.005006007722025307
2018-09-03,0
2018-09-04,-0.011980728449757283
2018-09-05,-0.00674905459014008
2018-09-06,-0.0037068499599230975
2018-09-07,-0.00880810016456901
2018-09-10,0.0020331987534527585
2018-09-11,0.002695366403729471
2018-09-12,0.0058339462448231405
2018-09-13,0.008468709883416858
2018-09-14,0.004723227773305361
2018-09-17,-8.3158204222189e-4
2018-09-18,0.010860249518688914
2018-09-19,0.0018894427351836551
2018-09-20,0.007452478497019355
2018-09-21,-4.948943261704475e-4
2018-09-24,-0.026082590712684484
2018-09-25,-0.0021676557936143315
2018-09-26,-0.0014835581717552726
2018-09-27,-1.765353475809972e-4
2018-09-28,-0.0032222404526410786
2018-10-01,0.007887862506217536
2018-10-02,-0.0021669592285120665
2018-10-03,-0.006883618904786726
2018-10-04,-0.009182842588361995
2018-10-05,-0.005406205161268662
2018-10-08,-0.005585438492133554
2018-10-09,-0.0024462065713198866
2018-10-10,-0.023317954203835756
2018-10-11,-0.012210612734080417
2018-10-12,0.005256559620644863
2018-10-15,0.002369785302711369
2018-10-16,0.013988144422550697
2018-10-17,-0.006761338073582035
2018-10-18,-0.02411716684538867
2018-10-19,0.007367068809697175
2018-10-22,6.703771055223129e-4
2018-10-23,-0.008514759970197128
2018-10-24,-0.0264674470517845
2018-10-25,0.0055126375604468425
2018-10-26,-0.008604498499888091
2018-10-29,-0.01203240667428751
2018-10-30,0.01751781161170385
2018-10-31,0.010546800683048696
2018-11-01,0.01731298219506039
2018-11-02,4.0496699450831564e-4
2018-11-05,-0.0025532687021064815
2018-11-06,0.0016795932743158826
2018-11-07,0.007598841619369523
2018-11-08,-0.00960280370685307
2018-11-09,-0.009210014264100841
2018-11-12,-0.007083496216215623
2018-11-13,-0.00622886620250096
2018-11-14,-0.0028892440679623155
2018-11-15,0.003061727541681991
2018-11-16,0.0022971550415555875
2018-11-19,-0.005966383892835769
2018-11-20,-0.021015733826189598
2018-11-21,0.019891061531676746
2018-11-22,0
2018-11-23,0.002837402328029759
2018-11-26,0.002020872815323038
2018-11-27,0.0066991597048835505
2018-11-28,0.01841133261152672
2018-11-29,-0.003924830068770979
2018-11-30,-0.0036157119485800138
2018-12-03,0.01497517633115919
2018-12-04,-0.03242458336777854
2018-12-05,0
2018-12-06,0.00989762429197727
2018-12-07,-0.00942473967334767
2018-12-10,-0.010559134112171908
2018-12-11,0.002435471860662286
2018-12-12,0.020339964036922398
2018-12-13,-6.197448326429322e-4
2018-12-14,-0.016113854091668767
2018-12-17,-0.02888191322114464
2018-12-18,0.00847286193956398
2018-12-19,-0.012171561977515566
2018-12-20,-0.0031204004677017894
2018-12-21,-0.01146263547031856
2018-12-24,-0.012968913869958465
2018-12-26,0.029602924030271982
2018-12-27,0.0019038081770379467
2018-12-28,0.006519241928443442
2018-12-31,5.45212675766571e-4
2019-01-02,0.009744979563770295
2019-01-03,-0.006815786719019168
2019-01-04,0.030254823478570003
2019-01-07,0.005397474782404599
2019-01-08,0.005656121491895094
2019-01-09,0.012564599911483398
2019-01-10,0.00230768019659755
2019-01-11,-0.007669571665947839
2019-01-14,-0.002868719775995121
2019-01-15,0.007181280444324534
2019-01-16,0.0020374943303791415
2019-01-17,0.004571573107939209
2019-01-18,-3.691081832598586e-4
2019-01-21,0
2019-01-22,-0.015845421186810094
2019-01-23,0.007594469297387274
2019-01-24,0.0013523722686163975
2019-01-25,0.00418207245848734
2019-01-28,-0.006014384916447901
2019-01-29,0.0022022113365463003
2019-01-30,0.008412911007710022
2019-01-31,0.006606940958490348
2019-02-01,-1.5935552424228838e-4
2019-02-04,0.00392746344710182
2019-02-05,0.008008255001280107
2019-02-06,0.0038397419420086454
2019-02-07,-0.004810746658320375
2019-02-08,-0.0017842705360247013
2019-02-11,-0.008149338080241653
2019-02-12,0.0054481483827508725
2019-02-13,-0.0016716684829389816
2019-02-14,9.566123889221956e-4
2019-02-15,-2.8891651247320294e-4
2019-02-18,0
2019-02-19,0.009685157793334565
2019-02-20,0.0012128797526498314
2019-02-21,-0.006575913757146612
2019-02-22,0.0038775333809162316
2019-02-25,0.0014594884202276948
2019-02-26,0.003860422511691164
2019-02-27,-0.00597078890324676
2019-02-28,-0.005777439979844368
2019-03-01,0.005039193519724261
2019-03-04,-0.0032138006084514448
2019-03-05,-0.002622293186479996
2019-03-06,-0.0034716287298980353
2019-03-07,-0.009421777538412557
2019-03-08,-9.883643353847393e-4
2019-03-11,0.007239680930108738
2019-03-12,0.0032227215334637016
2019-03-13,0.004187373163798025
2019-03-14,-0.003652473999872452
2019-03-15,0.004032614015742064
2019-03-18,0.005914933556937063
2019-03-19,-0.001072765977572332
2019-03-20,-6.557183916554576e-4
2019-03-21,0.0013956519224691544
2019-03-22,-0.01607468734010664
2019-03-25,0.0025307307649546917
2019-03-26,0.00836885330106818
2019-03-27,-0.004498073193300756
2019-03-28,0.010655342574970028
2019-03-29,0.0029964849059989085
2019-04-01,0.008689793556968972
2019-04-02,-0.0014381226957774773
2019-04-03,0.015953465134124878
2019-04-04,2.264075935729526e-4
2019-04-05,0.002742316999100325
2019-04-08,-0.0032544980573429028
2019-04-09,-0.003639394365003601
2019-04-10,-0.0011583150481302429
2019-04-11,-0.0015594012313906447
2019-04-12,0.0066247318054064586
2019-04-15,-0.0011260358891963529
2019-04-16,0.0038249648502746147
2019-04-17,0.0011284656021093298
2019-04-18,-0.004151039268591616
2019-04-22,-0.003166169413014508
2019-04-23,0.003269847325874542
2019-04-24,-0.007896937576335694
2019-04-25,-7.073170557683195e-4
2019-04-26,0.0038529128164261905
2019-04-29,8.906174991851756e-5
2019-04-30,0.0035242659625629447
2019-05-01,-0.009298003550176737
2019-05-02,-0.003044676467167995
2019-05-03,0.009200991366278943
2019-05-06,-0.004712113080898583
2019-05-07,-0.012962386583872387
2019-05-08,-0.0010751154231591897
2019-05-09,-9.902670456696239e-4
2019-05-10,0.0028403825298488616
2019-05-13,-0.020469161092164123
2019-05-14,0.009391511177057277
2019-05-15,0.003741058618543569
2019-05-16,-1.1887231002094545e-5
2019-05-17,-0.0030063137504467985
2019-05-20,-4.002899441951646e-4
2019-05-21,0.0075000310681236915
2019-05-22,-0.006618317293594966
2019-05-23,-0.012769806948559226
2019-05-24,0.003614216406303772
2019-05-27,0
2019-05-28,-0.008135006853393745
2019-05-29,-0.004810925504107333
2019-05-30,0.006117039436739802
2019-05-31,-0.008265111824759308
2019-06-03,0.0011170474124975183
2019-06-04,0.01706549771603494
2019-06-05,7.10968547872115e-4
2019-06-06,0.0014856886115548473
2019-06-07,0.017986515156773963
2019-06-10,0.0028301782780213447
2019-06-11,0.002914526545563678
2019-06-12,-0.007522351390041648
2019-06-13,-0.0048349750321823315
2019-06-14,-0.006863269498994851
2019-06-17,0.001799080198235714
2019-06-18,0.011694219785657545
2019-06-19,0.00213882842732227
2019-06-20,0.009833055649705935
2019-06-21,-0.003990454309350189
2019-06-24,0.0019212037496161294
2019-06-25,-0.005859326576069579
2019-06-26,0.0027994106911946037
2019-06-27,7.621418503067634e-4
2019-06-28,0.005155740760761862
2019-07-01,0.0060708075845581355
2019-07-02,0.0016937324848989022
2019-07-03,0.02141989484340301
2019-07-04,0
2019-07-05,-0.0044634423694931424
2019-07-08,-9.59851630576769e-4
2019-07-09,0.0013577307280945305
2019-07-10,0.0032297424017608822
2019-07-11,4.4861735625079113e-4
2019-07-12,-1.7122386248391575e-4
2019-07-15,4.020740685455326e-4
2019-07-16,-0.0030169705799948376
2019-07-17,-0.003382229341264864
2019-07-18,0.0026482015528161984
2019-07-19,-0.004213473647439514
2019-07-22,-0.0036287157708211337
2019-07-23,-0.0011455552636676636
2019-07-24,0.00286632667673814
2019-07-25,-0.00530631241717805
2019-07-26,0.004371136810327414
2019-07-29,-1.6748852330361608e-4
2019-07-30,-0.00542913324645089
2019-07-31,-0.008258720461234548
2019-08-01,-0.004982828434232922
2019-08-02,-0.0046464887398559584
2019-08-05,-0.019754362003265413
2019-08-06,0.0048687215744456225
2019-08-07,0.006886815157588044
2019-08-08,0.012374864810750674
2019-08-09,-0.0033837783678638544
2019-08-12,-0.017392554638865132
2019-08-13,0.009010156572382355
2019-08-14,-0.029802994458784204
2019-08-15,-1.0142431841686506e-4
2019-08-16,0.01241322983361326
2019-08-19,0.0044954029301684795
2019-08-20,-0.002573836661602602
2019-08-21,0.010950101626686637
2019-08-22,-0.010526461029464196
2019-08-23,-0.012830726651283264
2019-08-26,0.006964224052395052
2019-08-27,0.001452097392288021
2019-08-28,0.005737585677342505
2019-08-29,0.006133851645834021
2019-08-30,0.005188616355834785
2019-09-02,0
2019-09-03,-0.005427625271357761
2019-09-04,0.016350902125047417
2019-09-05,0.009307226038545169
2019-09-06,0.0033411719349647484
2019-09-09,0.004429274804788053
2019-09-10,-0.0013912179323449791
2019-09-11,0.007474947622980954
2019-09-12,0.002625905907168047
2019-09-13,0.001659829710085159
2019-09-16,-0.008284732587121924
2019-09-17,0.0071367913630617785
2019-09-18,-0.0024573192386623255
2019-09-19,0.0019212253085283404
2019-09-20,-0.004725182677681405
2019-09-23,0.002486528083962547
2019-09-24,-0.005878712038504208
2019-09-25,-0.0014872246316089965
2019-09-26,-0.002585499461466245
2019-09-27,-0.005855538680241912
2019-09-30,0.0018785902360829443
2019-10-01,-0.011085792076658385
2019-10-02,-0.01760366159745108
2019-10-03,0.0011844899033819356
2019-10-04,0.009223475182316587
2019-10-07,-0.003320322579439594
2019-10-08,-0.008595804341282931
2019-10-09,0.006528854930084593
2019-10-10,0.0015958373370299483
2019-10-11,-0.017982424165178812
2019-10-14,-0.0027523144295624746
2019-10-15,0.005871518111230323
2019-10-16,9.263279830240556e-5
2019-10-17,0.003440618641065596
2019-10-18,0.005629114231141985
2019-10-21,0.008110846416152118
2019-10-22,-0.001332812244871584
2019-10-23,6.753926008953304e-4
2019-10-24,0.001697515019621454
2019-10-25,0.002423040732343784
2019-10-28,0.003194729269163199
2019-10-29,0.004270211759811238
2019-10-30,0.002283582598353151
2019-10-31,-0.005311108361206962
2019-11-01,0.0098808051692778065
2019-11-04,0.005911974219395821
2019-11-05,-6.240015393190745e-4
2019-11-06,2.773672904756719e-4
2019-11-07,-5.571158280415212e-4
2019-11-08,-0.005906852851713107
2019-11-11,-0.0011599488373766897
2019-11-12,3.326783677699563e-4
2019-11-13,-8.962965674764733e-4
2019-11-14,5.830266842832277e-4
2019-11-15,0.005979438238799428
2019-11-18,-0.0016456737150647438
2019-11-19,-0.0034886538228442454
2019-11-20,-0.008434883320969977
2019-11-21,5.264022556925596e-4
2019-11-22,-0.003408672262686596
2019-11-25,0.0038343864721819276
2019-11-26,-2.506142345949369e-4
2019-11-27,0.0015604515720732959
2019-11-28,0
2019-11-29,-0.004925784566097269
2019-12-02,-0.006593905295641189
2019-12-03,-0.006949573340820359
2019-12-04,0.008450303016864558
2019-12-05,-0.0015868474702548374
2019-12-06,-0.001208350958976978
2019-12-09,-0.003498385829638795
2019-12-10,0.006702700872838863
2019-12-11,0.004333021152157501
2019-12-12,0.006060660946963559
2019-12-13,3.5244642447906926e-4
2019-12-16,0.011813788945134629
2019-12-17,0.00101698465065847
2019-12-18,-2.4490883568273336e-4
2019-12-19,-4.827387200834199e-4
2019-12-20,-4.98618138127016e-4
2019-12-23,-1.7440775477917114e-4
2019-12-24,-3.852855803522237e-4
2019-12-26,0.006222186626141379
2019-12-27,-4.7407383318054386e-4
2019-12-30,-0.004259407115813407
2019-12-31,0.005795609937200075
2020-01-02,0.008427690979825098
2020-01-03,-0.0057751493597481
2020-01-06,0.004863561411807327
2020-01-07,-0.004075309176557518
2020-01-08,0.002116789747208303
2020-01-09,0.005500019868735162
2020-01-10,-0.005515165068797234
2020-01-13,0.006126368923155878
2020-01-14,0.0017849869723975953
2020-01-15,0.002789038645904629
2020-01-16,0.016997704648599843
2020-01-17,0.0027377034975653025
2020-01-20,0
2020-01-21,-0.01116729271629302
2020-01-22,-0.0031158157498640815
2020-01-23,0.0016039966593976995
2020-01-24,-0.007056510872653465
2020-01-27,-0.01890560744130043
2020-01-28,0.007762781184642353
2020-01-29,-0.0041053233260579525
2020-01-30,-0.008718918616116955
2020-01-31,-0.01773082586806507
2020-02-03,0.0035012425741667297
2020-02-04,0.017024242531204603
2020-02-05,0.008397284435261332
2020-02-06,0.003374649611243008
2020-02-07,-0.00868448027180213
2020-02-10,0.0022189493543367522
2020-02-11,0.0103479577827843
2020-02-12,0.003462347369209473
2020-02-13,-0.004319860593538283
2020-02-14,0.0028413936750684154
2020-02-17,0
2020-02-18,-0.0036124853837743442
2020-02-19,0.005258048442261298
2020-02-20,-0.0063477980058063155
2020-02-21,-0.0033098602515486686
2020-02-24,-0.03229590244519709
2020-02-25,-0.020118366702635893
2020-02-26,-0.00431385232269943
2020-02-27,-0.02879855404059728
2020-02-28,-0.018472340345615734
2020-03-02,0.024891802219601855
2020-03-03,-0.012892186255438864
2020-03-04,0.017128619803697065
2020-03-05,-0.02273261110272151
2020-03-06,-0.022341203068006243
2020-03-09,-0.07084401962529596
2020-03-10,0.04295949076102823
2020-03-11,-0.03733588316314451
2020-03-12,-0.0838557272995265
2020-03-13,0.04296526564594072
2020-03-16,-0.10591452685969105
2020-03-17,0.037313673718967655
2020-03-18,-0.04934459560144966
2020-03-19,0.0018704854360065415
2020-03-20,-0.004740248206339892
2020-03-23,0.005597916697669181
2020-03-24,0.06566361159501444
2020-03-25,0.02271598644721018
2020-03-26,0.030780089258060306
2020-03-27,-0.047072016841880115
2020-03-30,0.0023608545462128205
2020-03-31,-0.0067562787090604814
2020-04-01,-0.014503393812413723
2020-04-02,-0.0018768856365216635
2020-04-03,-0.014285907103344542
2020-04-06,0.03476860784272162
2020-04-07,0.010783933894944253
2020-04-08,0.03323927070296495
2020-04-09,0.007131548665921139
2020-04-13,-0.003505831892487321
2020-04-14,0.020123030577852363
2020-04-15,-0.03692862254182816
2020-04-16,-0.0021081029698241105
2020-04-17,0.01887395572693129
2020-04-20,-0.010655491515139226
2020-04-21,-0.03786590433668002
2020-04-22,0.020316710697158014
2020-04-23,-0.002978623209509923
2020-04-24,0.007840325550815486
2020-04-27,0.02258978135794565
2020-04-28,0.021887732770114354
2020-04-29,0.01918180101859579
2020-04-30,-0.028297230755655156
2020-05-01,-0.03010339794228334
2020-05-04,0.04023227978409771
2020-05-05,0.0032544694010945285
2020-05-06,-0.005823724149641829
2020-05-07,0.001743300646096957
2020-05-08,0.01929520792491335
2020-05-11,0.0014146453520580415
2020-05-12,-0.01562749308066469
2020-05-13,6.635564643300285e-4
2020-05-14,0.011143605418009184
2020-05-15,0.0031072572758150674
2020-05-18,0.03966512888242235
2020-05-19,-0.009934657779723355
2020-05-20,0.014487320422632122
2020-05-21,-0.008665777475686975
2020-05-22,-0.005765208646994147
2020-05-25,0
2020-05-26,0.022985182845941754
2020-05-27,0.012653510353279884
2020-05-28,-0.0030466649778136956
2020-05-29,-0.0028242743900908085
2020-06-01,0.015495690149897712
2020-06-02,0.013241235251596484
2020-06-03,0.012725573606152674
2020-06-04,-0.0037864931800994928
2020-06-05,0.02909108835198948
2020-06-08,0.013304278828228933
2020-06-09,-0.007279041718152968
2020-06-10,-0.0026580936562444757
2020-06-11,-0.04853637943688949
2020-06-12,0.03145771398826236
2020-06-15,-0.005304115648290253
2020-06-16,0.00385326254304319
2020-06-17,5.641642768277055e-4
2020-06-18,-0.0010814800194085539
2020-06-19,0.005122153580543243
2020-06-22,0.02070688912430274
2020-06-23,0.004963782463132338
2020-06-24,-0.00770713636072895
2020-06-25,0.00284176745310849
2020-06-26,-0.01068592852521677
2020-06-29,0.0038560909562992407
2020-06-30,-0.007311686154876762
2020-07-01,0.006120412565307598
2020-07-02,0.016639118223083615
2020-07-03,0
2020-07-06,0.010057342521877066
2020-07-07,-0.011610457945512076
2020-07-08,6.066350114901642e-4
2020-07-09,-0.011608723843735014
2020-07-10,0.007034334952620069
2020-07-13,-0.00866395787302121
2020-07-14,0.0052717723304769315
2020-07-15,0.009575785250970359
2020-07-16,-0.003562179495782969
2020-07-17,-0.008953595276238402
2020-07-20,0.004928529867602727
2020-07-21,0.005359594242031029
2020-07-22,-0.0014196527969955186
2020-07-23,-0.015206759949593196
2020-07-24,0.005225326365313032
2020-07-27,0.02007201806892467
2020-07-28,-0.004661688189817159
2020-07-29,3.496098385431523e-4
2020-07-30,-0.009911224543321384
2020-07-31,-0.0047349586723087755
2020-08-03,0.006221884102822095
2020-08-04,0.007655718413324353
2020-08-05,0.008841776676726587
2020-08-06,0.011572509175704626
2020-08-07,-0.0017523293616301672
2020-08-10,0.005249416178559452
2020-08-11,-0.0021321656567482306
2020-08-12,0.019173173961456902
2020-08-13,-0.0029782920430599935
2020-08-14,0.013852828291063712
2020-08-17,0.010298158051420092
2020-08-18,0.0047246053030232105
2020-08-19,-0.015979042809702637
2020-08-20,-0.0014453893459441813
2020-08-21,0.0012677655660644493
2020-08-24,0.010559564775953323
2020-08-25,0.0033376373109179625
2020-08-26,-0.0017226065089051001
2020-08-27,0.0015926365712768398
2020-08-28,0.019445958367588556
2020-08-31,-0.0040664272107270305
2020-09-01,2.2077056412261875e-4
2020-09-02,0.01084177559277899
2020-09-03,-0.02081811252877397
2020-09-04,0.009213509838097655
2020-09-07,0
2020-09-08,0.002272004512465564
2020-09-09,0.008175941966972022
2020-09-10,-0.011844628487338138
2020-09-11,0.007433056916190894
2020-09-14,0.013197253414122478
2020-09-15,0.004554042025315175
2020-09-16,0.0016854710370002302
2020-09-17,-3.145548195084835e-4
2020-09-18,-0.010029950593259618
2020-09-21,-0.011580370258135964
2020-09-22,-0.013182472423361014
2020-09-23,0.002392829419663345
2020-09-24,-0.002386647829576205
2020-09-25,-0.001345361579572657
2020-09-28,0.014575439738981899
2020-09-29,-0.005399009988418135
2020-09-30,0.014613367234078911
2020-10-01,0.0013995096774392923
2020-10-02,-0.0030838901777767713
2020-10-05,0.009865482615923238
2020-10-06,-0.0027557256751203907
2020-10-07,4.7870091587798314e-4
2020-10-08,0.001660173063608994
2020-10-09,0.002284807712983339
2020-10-12,0.0035575085161780873
2020-10-13,-0.0042902383774751085
2020-10-14,0.0024274763665028676
2020-10-15,-0.015075292173889143
2020-10-16,0.003509782578140941
2020-10-19,-0.0014888385171768492
2020-10-20,0.0019025913247310289
2020-10-21,0.0041185019822889135
2020-10-22,-0.0017064275494701464
2020-10-23,0.003968853502464009
2020-10-26,-0.013581994664310537
2020-10-27,-0.009763852193659273
2020-10-28,-0.00598686333080678
2020-10-29,-0.0064141316888545186
2020-10-30,-0.009699472473325144
2020-11-02,0.020954250692189147
2020-11-03,0.01700728374433158
2020-11-04,0.021958662975527288
2020-11-05,0.016157555508775623
2020-11-06,3.3535933866990497e-4
2020-11-09,0.028204889015967405
2020-11-10,0.0042812271701486715
2020-11-11,0.011363910520946874
2020-11-12,-0.014337665648925912
2020-11-13,0.011995179767874342
2020-11-16,0.012798273209082112
2020-11-17,-0.0022954876425238524
2020-11-18,-0.0034673352616018116
2020-11-19,0.019416864855976268
2020-11-20,-0.0031868988060335113
2020-11-23,-2.96863676775283e-4
2020-11-24,0.015240433597810465
2020-11-25,-0.00288623869147997
2020-11-26,0
2020-11-27,0.001593602907926872
2020-11-30,-0.017047402611102047
2020-12-01,0.013268029050775176
2020-12-02,0.0014722447449118103
2020-12-03,0.013227890038117085
2020-12-04,0.016589141135868735
2020-12-07,-0.0018463244202275853
2020-12-08,0.004167201833735978
2020-12-09,-0.0035355188693410033
2020-12-10,0.005781800406955417
2020-12-11,-0.0037556573109092106
2020-12-14,-0.0029917149195097803
2020-12-15,0.006948432473774746
2020-12-16,-2.1621982579012045e-4
2020-12-17,0.00206351275696548
2020-12-18,-0.005195785657305163
2020-12-21,-0.016136142718698232
2020-12-22,-0.015284405993205352
2020-12-23,0.0035423979489819235
2020-12-24,-0.0018692968013156452
2020-12-28,0.008779037310807425
2020-12-29,0.002042165270919938
2020-12-30,7.382142668233005e-4
2020-12-31,-0.0014568217337546097
2021-01-04,-0.006384029005756742
2021-01-05,0.016653053898376458
2021-01-06,0.006997614533932328
2021-01-07,0.008049686893893071
2021-01-08,0.008870797256523844
2021-01-11,-0.009097622343466893
2021-01-12,0.004852275751842328
2021-01-13,0.002264835278356303
2021-01-14,0.015270540668984145
2021-01-15,-0.012237045782176326
2021-01-18,0
2021-01-19,-0.0014394120971414903
2021-01-20,0.00822635747759648
2021-01-21,-4.299589117348068e-4
2021-01-22,-5.540295835121389e-4
2021-01-25,0.0012635781877665675
2021-01-26,-0.0036760098550374654
2021-01-27,-0.02341205745080943
2021-01-28,0.01044832482889202
2021-01-29,-0.016173991467151816
2021-02-01,0.013006798953783427
2021-02-02,0.004563790006981483
2021-02-03,-0.0015793441867227864
2021-02-04,0.0018310791839930562
2021-02-05,0.00804559641294178
2021-02-08,0.011836709417942126
2021-02-09,0.005244250763001723
2021-02-10,-0.0016584314253683674
2021-02-11,-0.004076651201127546
2021-02-12,0.009377290508603586
2021-02-15,0
2021-02-16,0.00752565803620131
2021-02-17,6.12745725621533e-4
2021-02-18,-0.009884169679743038
2021-02-19,-0.003560707264083418
2021-02-22,-0.00401829796642994
2021-02-23,0.011218828786091262
2021-02-24,0.0060261222584558904
2021-02-25,-0.019033456090867262
2021-02-26,-0.018880614113200522
2021-03-01,0.022856636347796222
2021-03-02,0.005331981433728705
2021-03-03,0.006063264597230278
2021-03-04,-0.0077965177183159096
2021-03-05,0.0023836379064423596
2021-03-08,-5.245278580788826e-4
2021-03-09,0.009442312282266885
2021-03-10,0.011700362204453585
2021-03-11,0.004145946811373813
2021-03-12,-0.00231118680849407
2021-03-15,-4.006930233957373e-4
2021-03-16,0.001495444589949102
2021-03-17,0.002612721083767866
2021-03-18,8.373467180069483e-4
2021-03-19,0.007206345448030893
2021-03-22,-0.005120250056850684
2021-03-23,-0.019655746602678548
2021-03-24,-0.003298153454036168
2021-03-25,0.0015851138328235592
2021-03-26,0.014961591867109547
2021-03-29,-4.062867045535601e-4
2021-03-30,-0.0016610120813478346
2021-03-31,-0.001602211294897793
2021-04-01,0.007422916858013551
2021-04-05,0.013732354529814694
2021-04-06,-0.008745832711901103
2021-04-07,-0.004215048589610748
2021-04-08,0.005664757273529775
2021-04-09,-0.005339176621572461
2021-04-12,-0.0027120792170692853
2021-04-13,0.006404519320631241
2021-04-14,0.0015558738353180779
2021-04-15,0.011715560829735017
2021-04-16,0.0036737138722071627
2021-04-19,0.004501393284877642
2021-04-20,-0.014995991263830333
2021-04-21,0.008717456156318137
2021-04-22,-0.00683316084475083
2021-04-23,0.007264244428143218
2021-04-26,2.359265250844178e-4
2021-04-27,-0.0038717225773834407
2021-04-28,0.005981890393913725
2021-04-29,0.003439845013239795
2021-04-30,-0.005668775556401329
2021-05-03,0.012064147998470665
2021-05-04,-0.008403497869309717
2021-05-05,-0.001083538182735988
2021-05-06,0.007985519551718223
2021-05-07,0.007968267863312395
2021-05-10,-0.011116745010907536
2021-05-11,-0.012459628830949643
2021-05-12,-0.007200989976698158
2021-05-13,0.00236834559966681
2021-05-14,0.013871520264916226
2021-05-17,0.006782931283240812
2021-05-18,-0.0016373253164452262
2021-05-19,-0.00759369150448741
2021-05-20,0.0053746386649393685
2021-05-21,-0.001683020109718214
2021-05-24,0.0022376560154018232
2021-05-25,-0.0037910068967731414
2021-05-26,0.004053985204127697
2021-05-27,0.004714462666600694
2021-05-28,0.013877016102065376
2021-05-31,0
2021-06-01,0.004248179113634176
2021-06-02,0.003795211126390363
2021-06-03,-0.0049130546326636715
2021-06-04,0.0017067369793000164
2021-06-07,4.2531750246088684e-4
2021-06-08,-7.33758485306768e-4
2021-06-09,-0.0040889583545832275
2021-06-10,0.00898035187289059
2021-06-11,0.0012632975327659945
2021-06-14,0.0017034541316027774
2021-06-15,1.9371224447750635e-4
2021-06-16,-0.004094984207927865
2021-06-17,-0.007131244432187045
2021-06-18,-0.005681632965751304
2021-06-21,0.0023762080385960616
2021-06-22,0.002791249647745575
2021-06-23,9.028465765945626e-4
2021-06-24,0.008761567222365763
2021-06-25,0.0050154247957974185
2021-06-28,-0.001621474378939669
2021-06-29,-0.00351708410193996
2021-06-30,-0.005551256535433646
2021-07-01,-3.8335719236426424e-4
2021-07-02,0.0022398098662470556
2021-07-05,0
2021-07-06,-0.005205511602505375
2021-07-07,0.006007306332085571
2021-07-08,-0.013116969897051689
2021-07-09,0.012266272875756545
2021-07-12,-3.0788740915699275e-4
2021-07-13,-0.0038600077633749175
2021-07-14,-0.001657468890886915
2021-07-15,-8.98633575283192e-4
2021-07-16,-0.0050163989067876225
2021-07-19,-0.009841848719322921
2021-07-20,9.08198574139929e-4
2021-07-21,0.006836818416312118
2021-07-22,0.0034822812947503667
2021-07-23,2.694478145341961e-4
2021-07-26,1.371111585140028e-4
2021-07-27,-0.007192851927513955
2021-07-28,0.006247628117922233
2021-07-29,0.004875171656027355
2021-07-30,-0.005949246937868025
2021-08-02,0.0031208276830212434
2021-08-03,0.007956495241863815
2021-08-04,-0.003643754894469553
2021-08-05,0.00540164245016439
2021-08-06,-5.578741381018215e-4
2021-08-09,-0.001957468455334954
2021-08-10,0.008813158867953863
2021-08-11,0.0054616793866528734
2021-08-12,4.544946811662065e-4
2021-08-13,0.008358796187882156
2021-08-16,6.20981882784033e-4
2021-08-17,-0.0018529635992353688
2021-08-18,0.0026057648485391383
2021-08-19,-0.014496358920530361
2021-08-20,-3.98589748875966e-4
2021-08-23,0.0060787808277671385
2021-08-24,0.003683333211946138
2021-08-25,2.214657957380073e-4
2021-08-26,-0.006054603552365201
2021-08-27,0.010794701268980411
2021-08-30,0.0017696460735487918
2021-08-31,-9.055800104510459e-4
2021-09-01,0.009336489672358006
2021-09-02,0.0038965185413504244
2021-09-03,0.0014010922140332838
2021-09-06,0
2021-09-07,9.485675093154899e-4
2021-09-08,-0.0041369078913685575
2021-09-09,-0.012304015057514883
2021-09-10,-0.003591021713629683
2021-09-13,0.0020484689801592015
2021-09-14,-0.006159956497957864
2021-09-15,0.006108905948467358
2021-09-16,-0.0017877927319172038
2021-09-17,-0.013071199081922558
2021-09-20,-0.014430971812746995
2021-09-21,0.019691807038182185
2021-09-22,0.001075915414369133
2021-09-23,0.008408104038858166
2021-09-24,-0.0022241326279447415
2021-09-27,0.004772218115195903
2021-09-28,-0.018982534200493895
2021-09-29,0.0015279517567570178
2021-09-30,0.014195294793736046
2021-10-01,0.005900455443379471
2021-10-04,-0.005741151907725173
2021-10-05,0.009577205495832075
2021-10-06,-0.006753352703828042
2021-10-07,0.0036572540972683587
2021-10-08,0.002413704655964466
2021-10-11,-0.001627433637145348
2021-10-12,0.003917226063032242
2021-10-13,0.009671392492049513
2021-10-14,0.011108897256255412
2021-10-15,0.01037175933158041
2021-10-18,-0.00470987471545814
2021-10-19,0.019885842991509417
2021-10-20,0.0032844950476085266
2021-10-21,-0.005773472142459823
2021-10-22,-0.0013780500569744447
2021-10-25,9.139834861056073e-4
2021-10-26,0.0026466995568155127
2021-10-27,-0.004843547429470685
2021-10-28,-0.0021228761452984912
2021-10-29,-0.002440831206113492
2021-11-01,-0.009431913106946355
2021-11-02,-7.240967407627918e-4
2021-11-03,0.01124649993626714
2021-11-04,-0.0035154434598055895
2021-11-05,9.223397858886262e-4
2021-11-08,7.952945074618523e-4
2021-11-09,-0.005155152506328142
2021-11-10,-0.00260521801394209
2021-11-11,0.013001427297784973
2021-11-12,0.004133677525455459
2021-11-15,-3.0036713063574805e-4
2021-11-16,-0.01445494766168609
2021-11-17,-0.004895352510998929
2021-11-18,-0.009174735014573887
2021-11-19,-0.0012213473852393797
2021-11-22,-0.010044158115244617
2021-11-23,5.142145793399777e-4
2021-11-24,-4.981252944612491e-4
2021-11-25,0
2021-11-26,-0.01818288783460742
2021-11-29,-0.011154581405272368
2021-11-30,-0.013942353053491341
2021-12-01,-0.0016015774886851686
2021-12-02,0.013333109528496534
2021-12-03,-0.0076698646995388975
2021-12-06,0.0022186227355294186
2021-12-07,0.01897582390550534
2021-12-08,-0.003994586188775018
2021-12-09,-0.005818584698819573
2021-12-10,0.0014735952190509938
2021-12-13,-0.019739269311245145
2021-12-14,-0.006682689994752189
2021-12-15,-6.380672064584259e-4
2021-12-16,-0.0016408400372890375
2021-12-17,-0.010325007588662727
2021-12-20,-0.004088024064485829
2021-12-21,0.007881810602877515
2021-12-22,0.009413806326371121
2021-12-23,0.0031874544526482307
2021-12-27,0.005887747598706916
2021-12-28,9.303919863967725e-4
2021-12-29,0.002972542243395271
2021-12-30,0.002222602255657957
2021-12-31,-0.002687956451616791
2022-01-03,0.00856277464192945
2022-01-04,0.0040406349632291505
2022-01-05,-0.011666876053009645
2022-01-06,0.0018852360428325277
2022-01-07,0.007929798015315015
2022-01-10,-0.0022853356021096394
2022-01-11,0.015904185999884968
2022-01-12,0.011126066797718215
2022-01-13,-0.00810613696478657
2022-01-14,0.008124182914907685
2022-01-17,0
2022-01-18,-0.009218550217280796
2022-01-19,-0.0051010285334258665
2022-01-20,-0.009525375353084953
2022-01-21,-0.019871083705664927
2022-01-24,-0.011458568618153087
2022-01-25,-0.0019287967766196124
2022-01-26,-0.005662216386825736
2022-01-27,0
2022-01-28,5.580191291891801e-4
2022-01-31,0.013942650454949357
2022-02-01,0.0024217644934338978
2022-02-02,0.007228451432787608
2022-02-03,-0.013757508496159199
2022-02-04,6.496486282205893e-4
2022-02-07,0.014125235228445554
2022-02-08,0.007092133179001037
2022-02-09,0.012149181115118202
2022-02-10,-0.0058668627534088635
2022-02-11,8.553560105772906e-4
2022-02-14,-1.1394303246237136e-4
2022-02-15,0.017782408265464733
2022-02-16,0.002300307035706828
2022-02-17,-0.011023838256390084
2022-02-18,-6.598726930320264e-4
2022-02-21,0
2022-02-22,-4.0863186972239784e-4
2022-02-23,-0.0029315487219894187
2022-02-24,-0.013897503762478558
2022-02-25,0.0111665971158601
2022-02-28,0.010122036453280803
2022-03-01,-0.007107738451918921
2022-03-02,-0.004996341702276141
2022-03-03,-0.003405104721886043
2022-03-04,-0.0052402302999937644
2022-03-07,-0.007001878436023179
2022-03-08,0.00841668685886865
2022-03-09,0.015299909846965498
2022-03-10,-0.0033844837005935213
2022-03-11,-0.005210537586585073
2022-03-14,-0.01091583428310472
2022-03-15,0.004868897442227738
2022-03-16,0.024371978632059532
2022-03-17,-1.627440841855954e-5
2022-03-18,0.010968007054763085
2022-03-21,0.0055785926887357284
2022-03-22,0.010967269774816213
2022-03-23,-0.0029879643379421283
2022-03-24,0.009795055277260767
2022-03-25,6.583175776555539e-4
2022-03-28,-0.006261288279568844
2022-03-29,0.012299503770446973
2022-03-30,-0.006525856606440894
2022-03-31,-0.007259802268336779
2022-04-01,0.005796851719386487
2022-04-04,0.0068520585931537425
2022-04-05,-0.005479551049026754
2022-04-06,3.9472848948007844e-4
2022-04-07,0.0037010971209709975
2022-04-08,0.003298120346904021
2022-04-11,-0.005174980151259279
2022-04-12,0.008869789872250733
2022-04-13,0.010196509636371198
2022-04-14,-0.0048360043548395515
2022-04-18,-0.0017107494501134024
2022-04-19,-0.006327386348041086
2022-04-20,0.005890834694959768
2022-04-21,-0.01423267020108665
2022-04-22,-0.013595022634316334
2022-04-25,-0.006648641005683964
2022-04-26,-0.006732401083564432
2022-04-27,-0.0026224160359714643
2022-04-28,0.00853204456073664
2022-04-29,-0.010344081830655383
2022-05-02,-5.825743110027259e-4
2022-05-03,0.002815359696102915
2022-05-04,0.014834924814166373
2022-05-05,-0.02209384922871349
2022-05-06,-0.00953886065024423
2022-05-09,-0.012281572297554888
2022-05-10,0.0011298009215059412
2022-05-11,-0.0027614268700776323
2022-05-12,-0.0025261553792177427
2022-05-13,0.013498866097301665
2022-05-16,0.0033322161343998236
2022-05-17,0.006888585483683984
2022-05-18,-0.014493661390674428
2022-05-19,0.01847216560771825
2022-05-20,0.005876979604910515
2022-05-23,0.0039060703681799147
2022-05-24,-0.002345450673600702
2022-05-25,-0.0024711925362499443
2022-05-26,0.009046838466184814
2022-05-27,0.008013227995992356
2022-05-30,0
2022-05-31,0.0010771573445438332
2022-06-01,-0.004057592233008833
2022-06-02,0.002854144694925953
2022-06-03,-0.015741584788804608
2022-06-06,-0.002345230598817749
2022-06-07,0.004954406713717496
2022-06-08,-0.012203287047637512
2022-06-09,-0.019622250024834753
2022-06-10,-0.016076054570367093
2022-06-13,-0.03458260205382935
2022-06-14,-0.004692456150841462
2022-06-15,0.008279317020327692
2022-06-16,-0.01851218256263687
2022-06-17,-0.012171835060997727
2022-06-20,0
2022-06-21,0.002408788762738645
2022-06-22,-0.014467027596673177
2022-06-23,-0.0019542310723146272
2022-06-24,0.016453674624763215
2022-06-27,-0.008311811619830967
2022-06-28,-0.0027547022672977928
2022-06-29,-0.004965321972618009
2022-06-30,-0.0013786976254532846
2022-07-01,-0.005377926569605451
2022-07-04,0
2022-07-05,-0.013990364421409551
2022-07-06,-2.3788555610404494e-4
2022-07-07,0.012329864796848389
2022-07-08,0.004079826000220388
2022-07-11,-0.01714112831596115
2022-07-12,-5.85201585719175e-4
2022-07-13,-0.005961795600925357
2022-07-14,-0.009659708483574891
2022-07-15,0.015470860757555771
2022-07-18,0.008048012721228348
2022-07-19,0.016873802972758867
2022-07-20,0.0033130192650632218
2022-07-21,0.00869766956634166
2022-07-22,0.001815428345356418
2022-07-25,0.0021955464695555538
2022-07-26,-0.010006670017722263
2022-07-27,0.006128984869102183
2022-07-28,0.012013734388053754
2022-07-29,0.0017913695752678205
2022-08-01,0.00609674328750387
2022-08-02,-0.012293870776950988
2022-08-03,0.007318985213301099
2022-08-04,0.0018036344136875826
2022-08-05,-0.002685163094569676
2022-08-08,0.015212753871477691
2022-08-09,-0.0019179504648113577
2022-08-10,0.012616199422770702
2022-08-11,-5.016664306014551e-4
2022-08-12,0.007162302375288698
2022-08-15,-0.008476508596134802
2022-08-16,0.0010773294348098705
2022-08-17,-0.002712667734153351
2022-08-18,-0.003196037098064597
2022-08-19,-0.005357327850202487
2022-08-22,-0.004855103688096829
2022-08-23,-0.003706497351703475
2022-08-24,5.609537127262421e-4
2022-08-25,0.04864057585961823
2022-08-26,-0.01825179522661613
2022-08-29,-9.6926818665799e-5
2022-08-30,-0.01299785670231135
2022-08-31,-0.004195632282765316
2022-09-01,-0.0011042342285163542
2022-09-02,-0.007887455487583295
2022-09-05,0
2022-09-06,-9.776374539141042e-4
2022-09-07,0.006485815758153546
2022-09-08,0.004676938333907588
2022-09-09,0.006168679138693456
2022-09-12,0.013822838403719118
2022-09-13,-0.02594514371210832
2022-09-14,0.00930055487655923
2022-09-15,-0.005192655812050639
2022-09-16,-0.011862843326437389
2022-09-19,-0.0029259077266299283
2022-09-20,-0.012878018464311913
2022-09-21,-0.008228625296215597
2022-09-22,-0.0014383683747541953
2022-09-23,-0.02200289923498233
2022-09-26,-0.020900858293568914
2022-09-27,-0.0038114368368010743
2022-09-28,0.014152394427331405
2022-09-29,-0.018569622238105654
2022-09-30,-0.006134170512292703
2022-10-03,0.018574407569495577
2022-10-04,0.02066016191796538
2022-10-05,-0.008467471300385943
2022-10-06,-0.006193814189391911
2022-10-07,-0.013273318254970357
2022-10-10,-0.002996238793214312
2022-10-11,-0.005819142844143532
2022-10-12,9.215365306181056e-6
2022-10-13,0.001407229025632173
2022-10-14,-0.014996289955484188
2022-10-17,0.05079396702564165
2022-10-18,0.0046702954676756114
2022-10-19,-0.005699556282919072
2022-10-20,0.001973566820601569
2022-10-21,0.01742869403588765
2022-10-24,0.0028462272794411714
2022-10-25,0.002145942282565372
2022-10-26,0.002066767148518611
2022-10-27,-0.007957431752750987
2022-10-28,0.006522987702687333
2022-10-31,-0.003915136918301365
2022-11-01,0.007673103311331975
2022-11-02,-0.014165172156232142
2022-11-03,-0.0013990329936452994
2022-11-04,0.02684653722371455
2022-11-07,7.12143683471389e-4
2022-11-08,0.008781939759199942
2022-11-09,-0.01441835839456107
2022-11-10,0.021995849666698764
2022-11-11,0.006584514949256048
2022-11-14,-0.01817978443802959
2022-11-15,-0.0073886026299877505
2022-11-16,-0.011350788213637997
2022-11-17,-0.004662319130894987
2022-11-18,0.001092223541782511
2022-11-21,-0.0060316111454766785
2022-11-22,0.009659456287744561
2022-11-23,0.005475005051843285
2022-11-24,0
2022-11-25,0.0018184653696176056
2022-11-28,-0.010095409081645634
2022-11-29,4.2309751457159095e-4
2022-11-30,0.020849918178430515
2022-12-01,0.004066903709977643
2022-12-02,-9.0157262680024e-4
2022-12-05,-0.028986105858421873
2022-12-06,-0.0029009679454162773
2022-12-07,-0.011768267579042924
2022-12-08,0.003802098846160895
2022-12-09,-6.358835940164509e-4
2022-12-12,3.4194931254294403e-4
2022-12-13,0
2022-12-14,-2.5183523919924955e-4
2022-12-15,-0.02131410508064735
2022-12-16,-0.0032702571342249076
2022-12-19,0.0010165643909247901
2022-12-20,0.003664018388342516
2022-12-21,0.0012453595674861706
2022-12-22,-0.009391216074365438
2022-12-23,0.0035043074956253584
2022-12-27,0.0023610177155493073
2022-12-28,-0.011036445470109402
2022-12-29,-0.0029278077425506366
2022-12-30,-0.010898833652660977
2023-01-02,0
2023-01-03,0.004016816521406286
2023-01-04,0.00758768955728617
2023-01-05,-0.00773843047761924
2023-01-06,0.015257871022053227
2023-01-09,0.003580508428551399
2023-01-10,-2.979824136666309e-4
2023-01-11,0.001363898000955155
2023-01-12,0.007979554922668441
2023-01-13,0.003330713179820144
2023-01-16,0.001761242022924936
2023-01-17,6.900380451579924e-4
2023-01-18,-4.5413980769470896e-4
2023-01-19,-0.0022934897904323126
2023-01-20,0.005813271509971685
2023-01-23,0.002215382545415201
2023-01-24,-0.004582964654215482
2023-01-25,0.002936931508045859
2023-01-26,0.0038793821449154553
2023-01-27,-0.0034051829559568203
2023-01-30,-0.0034716491643034253
2023-01-31,0.007122151930446741
2023-02-01,0.0017511200511008962
2023-02-02,3.620145144040965e-4
2023-02-03,-0.0041759226916442405
2023-02-06,-0.009938878073657675
2023-02-07,-0.002195495127111813
2023-02-08,-7.765932410329635e-4
2023-02-09,0.0036283270369832366
2023-02-10,-2.3234525305004805e-4
2023-02-13,1.2988431580729376e-4
2023-02-14,4.4000841979086047e-4
2023-02-15,-0.004208875027768455
2023-02-16,3.7959792453134966e-5
2023-02-17,-0.003782700313702203
2023-02-20,4.5518753375728416e-4
2023-02-21,-0.01212508903250964
2023-02-22,0.005165294823915811
2023-02-23,-0.0025356417551066768
2023-02-24,-0.013171498582310592
2023-02-27,0.004447849922318392
2023-02-28,-0.006612309550266482
2023-03-01,0.021324327198990467
2023-03-02,0.002994981408860342
2023-03-03,0.010294059738275907
2023-03-06,-0.002819767685186658
2023-03-07,-0.010892746643809903
2023-03-08,0.008388396252043906
2023-03-09,-0.002470934229711119
2023-03-10,-0.011218124134269036
2023-03-13,-0.004762419335368695
2023-03-14,-0.004085881754479437
2023-03-15,-0.028952258860101998
2023-03-16,0.009966430977768725
2023-03-17,0.002082742923591896
2023-03-20,0.01116289048326613
2023-03-21,0.011589307468615084
2023-03-22,-0.004561746342004347
2023-03-23,0.005846023141831802
2023-03-24,0.0027795803821417664
2023-03-27,0.003679890422196186
2023-03-28,9.472253343467685e-4
2023-03-29,0.010160931707561272
2023-03-30,0.008965852420021125
2023-03-31,0.011376377384609615
2023-04-03,0.016025025075665278
2023-04-04,-0.0019338132034534272
2023-04-05,-0.005169586030223439
2023-04-06,0.0035214044919760212
2023-04-10,-1.551491305350483e-4
2023-04-11,0.0055651104880696245
2023-04-12,0.0031637774973707344
2023-04-13,0.009282851784277346
2023-04-14,-0.001243757017378444
2023-04-17,-1.0782706358081207e-4
2023-04-18,0.0029701847382173074
2023-04-19,-0.0014722646389144778
2023-04-20,-0.004008451555637338
2023-04-21,-0.0031042346454976943
2023-04-24,1.6011139534177765e-4
2023-04-25,-0.0077286955455044826
2023-04-26,-0.005388525694419055
2023-04-27,0.011629880424351757
2023-04-28,0.0047435797680137615
2023-05-01,-6.516476936280213e-4
2023-05-02,-6.189596762797844e-4
2023-05-03,-0.0038660211225166607
2023-05-04,-8.528087932957451e-5
2023-05-05,0.008998858858710657
2023-05-08,0.0022130049800093143
2023-05-09,-0.0017470534317740594
2023-05-10,-0.0010289638252446442
2023-05-11,-0.0034774799952285163
2023-05-12,0.002386462522789623
2023-05-15,0.00464312265190947
2023-05-16,-0.005492689418777119
2023-05-17,0.004091531193522124
2023-05-18,0.0011217267792313912
2023-05-19,0.0063663142074268375
2023-05-22,0.0017042104897484478
2023-05-23,-0.010599053508584366
2023-05-24,-9.345955018913443e-4
2023-05-25,-0.0023587403280000974
2023-05-26,0.011430432668984247
2023-05-29,-2.0594587401168152e-4
2023-05-30,-0.00512602474174495
2023-05-31,-0.0268444031830678
2023-06-01,0.015355482370243534
2023-06-02,0.012082986989265132
2023-06-05,-0.0011287513412657768
2023-06-06,0.003407745462454592
2023-06-07,-0.008223537452830998
2023-06-08,0.002241377330485461
2023-06-09,9.569909336957227e-4
2023-06-12,0.004368452791415178
2023-06-13,0.00853832136188526
2023-06-14,0.0028459509405822647
2023-06-15,0.004519271256617774
2023-06-16,0.002323366995188758
2023-06-19,-0.006223873897840848
2023-06-20,-0.005781100190567656
2023-06-21,6.017651835648063e-4
2023-06-22,-0.002884572696314369
2023-06-23,-0.006630258591133531
2023-06-26,-0.0029192344906447953
2023-06-27,0.0036349647336093582
2023-06-28,0.00565370875974236
2023-06-29,-9.19521416779423e-4
2023-06-30,0.013920855223721773
